timestamp,count
2025-10-07T02:04:00Z,175
2025-10-07T02:07:00Z,180
2025-10-07T02:19:00Z,195
2025-10-07T02:21:00Z,196
2025-10-07T02:22:00Z,199
2025-10-07T02:24:00Z,201
2025-10-07T02:27:00Z,205
2025-10-07T02:27:00Z,202
2025-10-07T02:28:00Z,206
2025-10-07T02:28:00Z,208
2025-10-07T02:32:00Z,209
2025-10-07T02:34:00Z,210
2025-10-07T02:35:00Z,211
2025-10-07T02:38:00Z,212
2025-10-07T02:39:00Z,213
2025-10-07T02:40:00Z,214
2025-10-07T02:44:00Z,216
2025-10-07T02:45:00Z,219
2025-10-07T02:45:00Z,218
2025-10-07T02:45:00Z,215
2025-10-07T02:46:00Z,220
2025-10-07T02:46:00Z,221
2025-10-07T02:47:00Z,223
2025-10-07T02:48:00Z,224
2025-10-07T02:49:00Z,225
2025-10-07T02:50:00Z,227
2025-10-07T02:51:00Z,229
2025-10-07T02:51:00Z,228
2025-10-07T02:53:00Z,230
2025-10-07T02:54:00Z,231
2025-10-07T02:55:00Z,232
2025-10-07T02:56:00Z,233
2025-10-07T02:57:00Z,236
2025-10-07T02:58:00Z,237
2025-10-07T02:59:00Z,238
2025-10-07T03:04:00Z,239
2025-10-07T03:08:00Z,240
2025-10-07T03:11:00Z,242
2025-10-07T03:11:00Z,241
2025-10-07T03:14:00Z,245
2025-10-07T03:14:00Z,243
2025-10-07T03:14:00Z,244
2025-10-07T03:15:00Z,246
2025-10-07T03:16:00Z,247
2025-10-07T03:16:00Z,248
2025-10-07T03:20:00Z,249
2025-10-07T03:25:00Z,250
2025-10-07T03:30:00Z,253
2025-10-07T03:30:00Z,252
2025-10-07T03:32:00Z,254
2025-10-07T03:33:00Z,255
2025-10-07T03:34:00Z,257
2025-10-07T03:34:00Z,256
2025-10-07T03:35:00Z,258
2025-10-07T03:39:00Z,259
2025-10-07T03:42:00Z,260
2025-10-07T03:45:00Z,261
2025-10-07T03:47:00Z,262
2025-10-07T03:49:00Z,263
2025-10-07T03:49:00Z,264
2025-10-07T03:50:00Z,267
2025-10-07T03:50:00Z,265
2025-10-07T03:51:00Z,268
2025-10-07T03:52:00Z,269
2025-10-07T03:53:00Z,270
2025-10-07T04:00:00Z,271
2025-10-07T04:04:00Z,272
2025-10-07T04:05:00Z,273
2025-10-07T04:06:00Z,274
2025-10-07T04:06:00Z,275
2025-10-07T04:07:00Z,277
2025-10-07T04:08:00Z,280
2025-10-07T04:08:00Z,279
2025-10-07T04:09:00Z,284
2025-10-07T04:09:00Z,283
2025-10-07T04:09:00Z,282
2025-10-07T04:10:00Z,285
2025-10-07T04:11:00Z,286
2025-10-07T04:12:00Z,287
2025-10-07T04:13:00Z,288
2025-10-07T04:18:00Z,289
2025-10-07T04:22:00Z,291
2025-10-07T04:25:00Z,292
2025-10-07T04:29:00Z,293
2025-10-07T04:31:00Z,294
2025-10-07T04:33:00Z,295
2025-10-07T04:35:00Z,296
2025-10-07T04:37:00Z,297
2025-10-07T04:38:00Z,299
2025-10-07T04:38:00Z,298
2025-10-07T04:39:00Z,300
2025-10-07T04:39:00Z,301
2025-10-07T04:40:00Z,302
2025-10-07T04:41:00Z,303
2025-10-07T04:43:00Z,304
2025-10-07T04:45:00Z,306
2025-10-07T04:46:00Z,307
2025-10-07T04:51:00Z,309
2025-10-07T04:53:00Z,310
2025-10-07T04:54:00Z,311
2025-10-07T04:55:00Z,312
2025-10-07T04:56:00Z,314
2025-10-07T04:57:00Z,316
2025-10-07T04:57:00Z,315
2025-10-07T04:58:00Z,317
2025-10-07T04:59:00Z,318
2025-10-07T05:02:00Z,319
2025-10-07T05:03:00Z,320
2025-10-07T05:04:00Z,321
2025-10-07T05:05:00Z,322
2025-10-07T05:05:00Z,323
2025-10-07T05:07:00Z,324
2025-10-07T05:08:00Z,325
2025-10-07T05:10:00Z,326
2025-10-07T05:11:00Z,327
2025-10-07T05:12:00Z,328
2025-10-07T05:15:00Z,329
2025-10-07T05:18:00Z,330
2025-10-07T05:18:00Z,332
2025-10-07T05:19:00Z,333
2025-10-07T05:20:00Z,335
2025-10-07T05:24:00Z,336
2025-10-07T05:34:00Z,337
2025-10-07T05:40:00Z,338
2025-10-07T05:42:00Z,339
2025-10-07T05:44:00Z,340
2025-10-07T05:45:00Z,342
2025-10-07T05:45:00Z,341
2025-10-07T05:47:00Z,343
2025-10-07T05:47:00Z,344
2025-10-07T05:48:00Z,345
2025-10-07T05:49:00Z,346
2025-10-07T05:56:00Z,347
2025-10-07T05:57:00Z,349
2025-10-07T05:59:00Z,350
2025-10-07T06:00:00Z,351
2025-10-07T06:09:00Z,352
2025-10-07T06:12:00Z,353
2025-10-07T06:17:00Z,355
2025-10-07T06:20:00Z,356
2025-10-07T06:29:00Z,357
2025-10-07T06:31:00Z,358
2025-10-07T06:34:00Z,359
2025-10-07T06:34:00Z,360
2025-10-07T06:35:00Z,361
2025-10-07T06:36:00Z,362
2025-10-07T06:37:00Z,363
2025-10-07T06:40:00Z,364
2025-10-07T06:43:00Z,365
2025-10-07T06:45:00Z,366
2025-10-07T06:46:00Z,367
2025-10-07T06:47:00Z,369
2025-10-07T06:47:00Z,368
2025-10-07T06:48:00Z,370
2025-10-07T06:50:00Z,371
2025-10-07T06:51:00Z,372
2025-10-07T07:55:00Z,391
2025-10-07T07:57:00Z,392
2025-10-07T07:59:00Z,393
2025-10-07T08:00:00Z,393
2025-10-07T08:01:00Z,393
2025-10-07T08:02:00Z,393
2025-10-07T08:03:00Z,393
2025-10-07T08:04:00Z,393
2025-10-07T08:05:00Z,393
2025-10-07T08:07:00Z,394
2025-10-07T08:08:00Z,394
2025-10-07T08:09:00Z,394
2025-10-07T08:10:00Z,396
2025-10-07T08:11:00Z,398
2025-10-07T08:12:00Z,398
2025-10-07T08:13:00Z,398
2025-10-07T08:14:00Z,398
2025-10-07T08:15:00Z,400
2025-10-07T08:16:00Z,400
2025-10-07T08:17:00Z,400
2025-10-07T08:18:00Z,402
2025-10-07T08:19:00Z,402
2025-10-07T08:20:00Z,402
2025-10-07T08:21:00Z,402
2025-10-07T08:22:00Z,405
2025-10-07T08:23:00Z,405
2025-10-07T08:24:00Z,406
2025-10-07T08:25:00Z,406
2025-10-07T08:26:00Z,407
2025-10-07T08:27:00Z,408
2025-10-07T08:28:00Z,408
2025-10-07T08:29:00Z,408
2025-10-07T08:30:00Z,408
2025-10-07T08:31:00Z,408
2025-10-07T08:32:00Z,409
2025-10-07T08:33:00Z,409
2025-10-07T08:35:00Z,410
2025-10-07T08:36:00Z,410
2025-10-07T08:37:00Z,413
2025-10-07T08:38:00Z,414
2025-10-07T08:39:00Z,414
2025-10-07T08:40:00Z,415
2025-10-07T08:41:00Z,415
2025-10-07T08:42:00Z,416
2025-10-07T08:43:00Z,418
2025-10-07T08:44:00Z,419
2025-10-07T08:45:00Z,419
2025-10-07T08:47:00Z,420
2025-10-07T08:48:00Z,420
2025-10-07T08:49:00Z,420
2025-10-07T08:50:00Z,420
2025-10-07T08:51:00Z,420
2025-10-07T08:52:00Z,420
2025-10-07T08:53:00Z,420
2025-10-07T08:54:00Z,420
2025-10-07T08:55:00Z,420
2025-10-07T08:56:00Z,420
2025-10-07T08:57:00Z,420
2025-10-07T08:58:00Z,421
2025-10-07T08:59:00Z,422
2025-10-07T09:00:00Z,422
2025-10-07T09:01:00Z,422
2025-10-07T09:02:00Z,422
2025-10-07T09:03:00Z,422
2025-10-07T09:04:00Z,423
2025-10-07T09:05:00Z,424
2025-10-07T09:06:00Z,425
2025-10-07T09:07:00Z,425
2025-10-07T09:08:00Z,427
2025-10-07T09:09:00Z,427
2025-10-07T09:10:00Z,427
2025-10-07T09:11:00Z,428
2025-10-07T09:12:00Z,428
2025-10-07T09:13:00Z,430
2025-10-07T09:14:00Z,430
2025-10-07T09:15:00Z,431
2025-10-07T09:16:00Z,432
2025-10-07T09:17:00Z,432
2025-10-07T09:18:00Z,432
2025-10-07T09:19:00Z,432
2025-10-07T09:20:00Z,433
2025-10-07T09:21:00Z,433
2025-10-07T09:22:00Z,433
2025-10-07T09:23:00Z,433
2025-10-07T09:24:00Z,433
2025-10-07T09:25:00Z,433
2025-10-07T09:26:00Z,433
2025-10-07T09:27:00Z,433
2025-10-07T09:28:00Z,433
2025-10-07T09:29:00Z,433
2025-10-07T09:30:00Z,433
2025-10-07T09:31:00Z,433
2025-10-07T09:32:00Z,433
2025-10-07T09:33:00Z,433
2025-10-07T09:34:00Z,433
2025-10-07T09:35:00Z,433
2025-10-07T09:36:00Z,433
2025-10-07T09:37:00Z,433
2025-10-07T09:38:00Z,434
2025-10-07T09:39:00Z,434
2025-10-07T09:40:00Z,435
2025-10-07T09:41:00Z,437
2025-10-07T09:42:00Z,437
2025-10-07T09:43:00Z,438
2025-10-07T09:44:00Z,438
2025-10-07T09:45:00Z,439
2025-10-07T09:46:00Z,439
2025-10-07T09:47:00Z,439
2025-10-07T09:48:00Z,439
2025-10-07T09:49:00Z,439
2025-10-07T09:50:00Z,439
2025-10-07T09:51:00Z,439
2025-10-07T09:52:00Z,439
2025-10-07T09:53:00Z,439
2025-10-07T09:54:00Z,439
2025-10-07T09:55:00Z,439
2025-10-07T09:56:00Z,439
2025-10-07T09:57:00Z,439
2025-10-07T09:58:00Z,440
2025-10-07T09:59:00Z,441
2025-10-07T10:00:00Z,441
2025-10-07T10:01:00Z,441
2025-10-07T10:02:00Z,441
2025-10-07T10:03:00Z,442
2025-10-07T10:04:00Z,442
2025-10-07T10:05:00Z,443
2025-10-07T10:06:00Z,443
2025-10-07T10:07:00Z,443
2025-10-07T10:08:00Z,443
2025-10-07T10:08:46Z,443
2025-10-07T10:09:00Z,443
2025-10-07T10:10:00Z,444
2025-10-07T10:11:00Z,444
2025-10-07T10:12:00Z,444
2025-10-07T10:12:05Z,444
2025-10-07T10:13:00Z,444
2025-10-07T10:13:06Z,444
2025-10-07T10:14:00Z,444
2025-10-07T10:14:06Z,444
2025-10-07T10:15:00Z,444
2025-10-07T10:15:07Z,444
2025-10-07T10:16:00Z,444
2025-10-07T10:16:08Z,444
2025-10-07T10:17:00Z,445
2025-10-07T10:17:09Z,445
2025-10-07T10:18:00Z,445
2025-10-07T10:18:10Z,445
2025-10-07T10:19:00Z,446
2025-10-07T10:19:11Z,445
2025-10-07T10:20:00Z,446
2025-10-07T10:20:12Z,446
2025-10-07T10:21:00Z,446
2025-10-07T10:21:13Z,446
2025-10-07T10:22:00Z,446
2025-10-07T10:22:14Z,446
2025-10-07T10:23:00Z,446
2025-10-07T10:23:14Z,446
2025-10-07T10:24:00Z,447
2025-10-07T10:24:15Z,447
2025-10-07T10:25:00Z,447
2025-10-07T10:25:16Z,447
2025-10-07T10:26:00Z,447
2025-10-07T10:27:00Z,448
2025-10-07T10:28:00Z,448
2025-10-07T10:29:00Z,448
2025-10-07T10:30:00Z,449
2025-10-07T10:30:43Z,449
2025-10-07T10:31:00Z,449
2025-10-07T10:31:44Z,449
2025-10-07T10:32:00Z,449
2025-10-07T10:32:45Z,450
2025-10-07T10:34:47Z,450
2025-10-07T10:38:53Z,453
2025-10-07T10:40:56Z,453
2025-10-07T10:52:00Z,459
2025-10-07T10:53:00Z,459
2025-10-07T10:53:56Z,459
2025-10-07T10:54:57Z,459
2025-10-07T10:55:00Z,460
2025-10-07T10:55:57Z,460
2025-10-07T10:56:00Z,460
2025-10-07T10:56:58Z,460
2025-10-07T10:57:59Z,460
2025-10-07T10:59:00Z,461
2025-10-07T11:00:00Z,461
2025-10-07T11:01:00Z,461
2025-10-07T11:01:01Z,461
2025-10-07T11:02:00Z,461
2025-10-07T11:02:03Z,461
2025-10-07T11:03:00Z,462
2025-10-07T11:05:00Z,463
2025-10-07T11:15:00Z,469
2025-10-07T11:16:00Z,470
2025-10-07T11:17:00Z,470
2025-10-07T11:18:00Z,470
2025-10-07T11:19:00Z,470
2025-10-07T11:23:00Z,476
2025-10-07T11:29:00Z,484
2025-10-07T11:30:00Z,484
2025-10-07T11:34:00Z,486
2025-10-07T11:35:00Z,488
2025-10-07T11:38:00Z,488
2025-10-07T11:40:00Z,489
2025-10-07T11:41:00Z,489
2025-10-07T11:42:00Z,489
2025-10-07T11:44:00Z,492
2025-10-07T11:45:00Z,492
2025-10-07T11:46:00Z,492
2025-10-07T11:49:00Z,492
2025-10-07T11:51:00Z,492
2025-10-07T11:52:00Z,492
2025-10-07T11:54:00Z,492
2025-10-07T11:55:00Z,493
2025-10-07T11:57:00Z,496
2025-10-07T11:58:00Z,497
2025-10-07T11:59:00Z,498
2025-10-07T12:00:00Z,498
2025-10-07T12:01:00Z,499
2025-10-07T12:02:00Z,500
2025-10-07T12:03:00Z,501
2025-10-07T12:04:00Z,501
2025-10-07T12:05:00Z,501
2025-10-07T12:07:00Z,502
2025-10-07T12:10:00Z,502
2025-10-07T12:11:00Z,502
2025-10-07T12:12:00Z,502
2025-10-07T12:13:00Z,502
2025-10-07T12:14:00Z,502
2025-10-07T12:15:44Z,502
2025-10-07T12:16:00Z,502
2025-10-07T12:18:00Z,502
2025-10-07T12:20:00Z,503
2025-10-07T12:20:08Z,503
2025-10-07T12:21:00Z,503
2025-10-07T12:24:00Z,503
2025-10-07T12:27:00Z,505
2025-10-07T12:28:00Z,505
2025-10-07T12:29:00Z,506
2025-10-07T12:31:00Z,507
2025-10-07T12:36:00Z,509
2025-10-07T12:37:00Z,509
2025-10-07T12:40:00Z,509
2025-10-07T12:42:00Z,510
2025-10-07T12:43:28Z,510
2025-10-07T12:44:00Z,510
2025-10-07T12:45:00Z,510
2025-10-07T12:46:00Z,510
2025-10-07T12:51:00Z,511
2025-10-07T12:53:00Z,511
2025-10-07T12:58:00Z,512
2025-10-07T13:00:00Z,512
2025-10-07T13:01:00Z,512
2025-10-07T13:02:00Z,512
2025-10-07T13:03:00Z,512
2025-10-07T13:04:00Z,512
2025-10-07T13:05:00Z,512
2025-10-07T13:06:00Z,512
2025-10-07T13:07:00Z,512
2025-10-07T13:08:00Z,512
2025-10-07T13:10:00Z,512
2025-10-07T13:13:00Z,514
2025-10-07T13:14:00Z,515
2025-10-07T13:15:00Z,515
2025-10-07T13:21:00Z,516
2025-10-07T13:22:00Z,516
2025-10-07T13:23:00Z,516
2025-10-07T13:24:00Z,516
2025-10-07T13:25:00Z,516
2025-10-07T13:26:00Z,517
2025-10-07T13:27:00Z,517
2025-10-07T13:29:00Z,517
2025-10-07T13:30:00Z,518
2025-10-07T13:32:00Z,520
2025-10-07T13:33:00Z,521
2025-10-07T13:35:00Z,521
2025-10-07T13:36:00Z,522
2025-10-07T13:38:00Z,523
2025-10-07T13:39:00Z,523
2025-10-07T13:44:00Z,526
2025-10-07T13:49:00Z,529
2025-10-07T13:50:00Z,530
2025-10-07T13:55:00Z,530
2025-10-07T13:56:00Z,531
2025-10-07T13:58:00Z,532
2025-10-07T13:59:00Z,533
2025-10-07T14:00:00Z,533
2025-10-07T14:04:00Z,534
2025-10-07T14:05:00Z,534
2025-10-07T14:06:00Z,535
2025-10-07T14:08:00Z,535
2025-10-07T14:09:00Z,535
2025-10-07T14:10:00Z,535
2025-10-07T14:12:00Z,535
2025-10-07T14:14:00Z,535
2025-10-07T14:15:00Z,535
2025-10-07T14:16:00Z,535
2025-10-07T14:17:00Z,535
2025-10-07T14:23:00Z,538
2025-10-07T14:24:00Z,539
2025-10-07T14:27:00Z,541
2025-10-07T14:28:00Z,541
2025-10-07T14:30:00Z,542
2025-10-07T14:31:00Z,542
2025-10-07T14:33:00Z,543
2025-10-07T14:35:00Z,544
2025-10-07T14:35:01Z,544
2025-10-07T14:37:00Z,544
2025-10-07T14:38:00Z,544
2025-10-07T14:39:00Z,544
2025-10-07T14:40:00Z,544
2025-10-07T14:53:02Z,548
2025-10-07T14:58:36Z,550
2025-10-07T15:06:11Z,551
2025-10-07T15:19:28Z,555
2025-10-07T15:38:45Z,564
2025-10-07T15:52:07Z,566
2025-10-07T16:18:11Z,573
2025-10-07T16:42:23Z,581
2025-10-07T16:45:19Z,583
2025-10-07T16:50:08Z,585
2025-10-07T16:55:52Z,587
2025-10-07T17:00:26Z,588
2025-10-07T17:05:12Z,589
2025-10-07T17:10:35Z,589
2025-10-07T17:15:19Z,591
2025-10-07T17:20:16Z,594
2025-10-07T17:25:24Z,594
2025-10-07T17:31:04Z,596
2025-10-07T17:35:12Z,596
2025-10-07T17:40:15Z,597
2025-10-07T17:45:15Z,599
2025-10-07T17:50:15Z,601
2025-10-07T17:55:14Z,601
2025-10-07T18:00:43Z,602
